{"labels": [5, 6], "scores": [0.1777796745300293, 0.0929546058177948], "bboxes": [[742.0505981445312, 2245.21435546875, 985.8201293945312, 2472.630615234375], [2725.8779296875, 2011.2926025390625, 2923.464111328125, 2429.94384765625]], "masks": [{"size": [4000, 4000], "counts": "iaSl21[l3h0Hb0_O6J6K4N1N2N101O1O1O3M7J1N2N2N2N2O0O101N2O1O0O010O001O101N2N2O1N2N101N10000O100O100O2O0O1O2O0O1O101N1O2OO010O1O10O01O10O010O100O010O010O0100O010O1O100O001O100O1O1O010O001O010O001O001O001O010O1O001O10O01O10O01O001O01O01O0010O01O010O001O1O010O001O0010O01O01O010O01O1O1O1O1O100O001O0010O00010O01O001O1O100O1O001O1O1O001O1O00100O001O1O001O1O1O1N2O1O1O010O001O00100O1O1O1N3N2M2N3N7H4L2I7002N1O0O0103N0O102F:\\O]_Xc;"}, {"size": [4000, 4000], "counts": "fie]:d05e1MUNdh3T4Eb0_O<D6K4K7J=C9G7J6J7J5K3M3L4M3L3O1N2N2O0O1O0010O010000O0100000000O1O01O01O01O001O1O0010O010N2O001O0O101O010O0010O00010O0000010O0001O001O001O001O0010O010O0010O00000010O01O1O001O001O001O001O1O1N2O1O1N2O001N2O1O0O2O1O1O1O1O2N1O2N1O1O1O1N2O1O2M2O1N2O1N3N2M3N2M3M3M2N2N2N2N3M2N2N3M3N2M4L3M2N3M2N3N2M3M3M3N2M3M4L4L3M3M6J5K6J4L4M3L3M2N2N2N2N3M2N4L3L4M3M4L5K4K4M5K5J6K:EPQXT4"}]}