{"labels": [6, 4, 4, 6, 6, 6, 1, 6, 6, 6, 0, 3, 6, 6, 5, 6, 0, 0, 6], "scores": [0.9999649524688721, 0.9998050332069397, 0.9997480511665344, 0.9997091889381409, 0.9996740818023682, 0.9994896650314331, 0.9984208345413208, 0.9965994954109192, 0.9906901121139526, 0.9699132442474365, 0.9691188931465149, 0.9487377405166626, 0.8895451426506042, 0.8204325437545776, 0.8078303933143616, 0.7452616095542908, 0.5833900570869446, 0.4643566906452179, 0.3217600882053375], "bboxes": [[773.9319458007812, 2268.11767578125, 1036.4388427734375, 2525.9296875], [978.8984375, 1740.261474609375, 1166.5330810546875, 2045.7403564453125], [1600.419921875, 3531.634521484375, 1959.47509765625, 3792.716064453125], [1642.75537109375, 2118.560546875, 1825.5206298828125, 2443.36767578125], [3095.903564453125, 7.257366180419922, 3937.737060546875, 554.3032836914062], [122.18887329101562, 1545.832763671875, 650.7919921875, 1840.90966796875], [375.6979064941406, 2101.551513671875, 488.9413757324219, 2259.26904296875], [759.6777954101562, 1810.2724609375, 988.005615234375, 2031.350341796875], [1343.9757080078125, 1418.074951171875, 1618.6009521484375, 1803.7349853515625], [1006.6961669921875, 2643.103271484375, 1256.764404296875, 3184.010986328125], [539.9730834960938, 1375.1654052734375, 711.319580078125, 1490.7159423828125], [3471.94384765625, 3304.636474609375, 3658.23046875, 3853.53369140625], [1215.0694580078125, 821.6180419921875, 1611.8365478515625, 1823.9229736328125], [3826.267578125, 881.5006103515625, 4000.0, 1380.0213623046875], [1482.9061279296875, 1724.22021484375, 1687.2222900390625, 2120.46240234375], [3762.932373046875, 425.0921630859375, 3996.646484375, 656.1841430664062], [3770.4716796875, 1426.5462646484375, 4000.0, 2643.468994140625], [269.263427734375, 1981.951904296875, 614.3345336914062, 2213.156982421875], [1022.2529296875, 2652.342529296875, 1429.0784912109375, 3589.066650390625]], "masks": [{"size": [4000, 4000], "counts": "Vmdo2i0Sl38H6K6J4L5L3N2N3L3N2N2N3M2N2N2N2N2N2N2O1N2N2O1N3N1O1N2O1O1N2O1O1N102N1N2O1N2O1O3L3N3M1N2O001N2O001N101O1N3N2M3M3M4M2M2N2O1N2N2N2N1O2N2O1N2N2O2M2O2N1N2O1N2O1O1N101O1O0O2O1O001O1N101N101O0O2O0O101O0O2O000O2O001N101O0O101O0O101N10000O2O000O100O2O000O10001N10000O10000O10000O1000000O100000000O10000O10O0100O10000O1000O1000000O1000000O01O100O1O1O010O10O100O1O1O2O0O1O1O100O1O100O2O0O100O1O6K5J7J5J4L4M=B5K5L6I4L3M3N3L3M3M3M3M3M3M3M3M3L4M3L4M3J6I7L3M4L4K5J6H:G8H8J7J7I8]OSmU\\;"}, {"size": [4000, 4000], "counts": "ch\\i38Wl3h0F9G8G6K4L4M4K3M4M2M4K4M4M2N2N3M2M3N2N2N2N2M3M4L3L4M3N2N1N2O1N2O1O1O2M101N2N2O1N20OO20O000O2O010O01N1001O01O10O001O1N101O1O00000O001000001O0O2O0O2O1O01N100O1000000000000000001O001O0O2O0O20O00000O100000000001O1O000010O1O2N1O1N2O2N1O2N1O2N1N3N1O2O1N1O2N2O1N101N2N2N2N2O1N2N2N2N2N1N3N2N3M2M3N2M3L5K4M3M4L3M4M3L3N3M3N2N3L4L3M5J5K7FQngj:"}, {"size": [4000, 4000], "counts": "c\\iS6e0Wl38J3M3N1O1O1O1N2N3N1N2O1N2O1O1O1O1O1O1N2N2O1N2N2O1O1N2O1O1O1O1O001N2O1O1N101O1O001O0000001O0O100O10000000O11O0001O0000000000O2O00001O0010O01O0010O000010O01O001O10O01O01O01O0000000010O00010O001O001O010O0001O01O01O001O00001N1001O0000001O01O01O1O001O001O01O01O010O010O0010O01O00010O0001O010O01O010O1O0010O01O10O010O010O010O10O010O010O010O010O010O10O010O10O10O01000O0100O01000O10O0100O10O010000O010O1O100O10O0100O100O100O10O01O100O100O100O10O0100O10000O100O100O100O100O100O10O0100O100O10O01O100O100O010O100O010O100O10O0100O10O0100O010O10O01000O01000O01000O010O010O10O01O10O0100O010O1O1O001O1O1O001O1O1O1O1N101O1O1O1O0O2O1O1O1O001O1O1O001N2O1O0O2O1O001N2O1O1O2N1N2O1O1O1N2O1O1O1O2N1O1O2N1N3M2O2M2O2M3M2N4J6K6J7HhoXi7"}, {"size": [4000, 4000], "counts": "dQSZ65Tl3o0A=C=D:G8I7H7I8I8I6K6I7J7I6K3L4L4L4K5I9H7J6J9H8H5K5L5K4K4L4J5L5K5L6K7H8I6J4L3M2N2N2O2M3N2N2N4K4M3M1O1O1O100O001O010O0100O1O2O0O2N2N2N3M3N2M4L3M3M3M3M3M3M3M2N3M2N2M4M4L4L4L3M2N3M2M4M2M4M2N3L4M2N3M4L3M3M2M4M3L3N2M3M3N4L3L5L4L3M2M3N2N3M3N1N3M3M2M3N3M3M3L3N3M2M4M3M2M3N2N4K7J4L3L3N3M2M2O2N2M3N2M4L3N3L4L4L4L4K5L5J8H_aP[8"}, {"size": [4000, 4000], "counts": "na[m;5hl3;E;F8G8H8I5J5I6J6K5J7L3M3M3N2M2O2M2N2N2N2N2N2M3M3M3L4L4L4L4L4L4L4N2M3N2N2N2O1N2N2O1O1N2O1N2O1O1N2O1N2O1N2N2N2N2O0O2N2N2N2N2N2N2N2N2O1N2N2N2N101N2O1O1N2O1O1O0O2O001O1O001N101O001N101O001N100O2O0O10000O2O0000000000000000000O1O010O010O1O100O1O1O100O1O1O10O010000O10000000O1000000O100O101N1O1O1O101N1000001O000O10001O0001O01O0000001O01O01O01O01O01O010O00010O0010O01O010O0010O01O010O10O01O010O00100O010O0010O010O01O010O0010O010O01O10O0100O00100O010O1O010O1O010O100O010O00100O010O10O01O010O010O010O010O00010O010O010O010O001O1O001O1O1O001O1O001O1O001O001O1O0O2O001N101O0O2O001O0O2O00001O0O1L4I8H7L4K6K4N2O2O000O2O001O001N10001O001O001O010O0100O10O10O1000O0100O100O01000O100O010O100O10000O010O10000O100O10O10O10000O100O100O10000O100O010O100O100O100O100O100O100O10000O100000O10O10000000000O100000000O10000000000O10000000000O100000000O100000000O1000000O1000000O1000000O10000O10000O1000000000000000000000000000000O10000000000000000000000000000000000O100000000O100000000O1000000O10000O10000O10000O10000O100000000000001O0000000000000000000001O00000000000000000000000000000000000000000000000000000000000000000000000000000000000000001O001O001O1O1O1O1O1O2N1O1O1O2N1O2N1O2N1O2N1O2N1O2N1O2N1O2N1O1O2N1O1O2N1O2N2N1O2N1O2N2N1O2N2N1O1O1O1O1O1O1O1O1O1O1O001O1O1O1O001O1O1O1O1O1O1O1O1O1O1O1O1O1O1N2O1O1O1O1O1O1O1O1O1O0000000000O10000000000O101O000O100000000O1000000O100000000O100001O00000000001O000000001O000000001O0000001O00000001O01O0000O100O1O1O1O2N1O1O1O1O1O1O2N1O1O1O1O2N1O1O1O1O2M2N2O1N2M4M2N2N3M2O1O2N1O2M2O2N2N2N2M3N2M3N2M3M3N2M3N2N3L3N3M2M5L3M3L5L3M3L4I8H:F;E;XIfZLZ5Qg3^Oa0^Oa0_O<D;D;QM`VLm1aj3F9mNT1CgUW;"}, {"size": [4000, 4000], "counts": "\\PR?k1lj3n0UO?C9I7I6J6K4K4N001N2O001O1O0O2O1O1O1O1O001O1N2O1O1O00001O000000000000000000000001O000000000001O0O101O001O00001O00001O0000001O00001O1O001O010O001O1O001O001O001O10O01O00001O000010O000001O0000010O0000001O0001O0001O01O000000010O0000001O0001O000001O01O00001O01O0001O00010O00001O0001O01O010O010O0010O01O010O0010O00010O01O0010O000001O01O0001O01O0001O0001O0001O01O010O0010O01O010O0010O00010O01O01O01O01O010O01O010O0010O010O010O0010O00010O01O010O0010O01O010O010O010O00010O010O0010O0010O00010O010O00010O00010O01O01O01O010O010O00010O0010O00010O0001O01O00010O0001O010O00010O001O010O0010O01O0010O00100O00100O0010O010O01O010O00010O00010O010O01O01O010O01O01O01O01O01O00010O00010O000010O00010O0001O01O01O01O01O0010O00010O01O01O01O010O00010O001O010O001O010O001O010O001O01O01O0010O0001O010O00001O1O001O1O001O001O0010O01O001O001O00001O001O001O001O001O000O2O00001O00001O001N10001O0O2O001O1N101O0O2O001N101O0O101O001N101O0O2O001O1N101O0O2O1O0O101N101N101N101N2N101N1O2O0O2N2N2O1N1N3N2N2N2M3N2M3M4L3M3M4K4M3L5K4K7I7I7Ea0\\OQjQl<"}, {"size": [4000, 4000], "counts": "QRR_1Q1ik39K4J6K5L3K5I7L4M2L5M2N2O2M2L4M3O1O1O1O2J5O1O1N2O100O1M3M3O1O1O1O100000000O1M3N101O10000O10000O0100O1O100O10O01O1O1O1O1N3M101O1O1M3N2M4N1O1N2I7M3M3M3N3M2O1O100N3M2M3O1O1O2O3L2N1O2N3L3M2O2M2N2M4M3L3N2mNZTLk0ok3I9\\OlSL0Uah\\="}, {"size": [4000, 4000], "counts": "cmWP36dl3<G5K5J5M5K4L4L4N1N2O1O1N101O1O1N2N3M2O1O1O2N1O1O001O1O1O001O1O1O2N1O1O2O1N1O100O10O0100O100O100O1O101N1O2O0O1O010O010O01000O010O100O1O100O101O0O100000O10000001OO010000O10O0101N1000O01000001O000000O10O10000O10000O10000O100000000O10000O2O0O2O1O0O10O10001O000O100001O002N4L2N1N2O00O2N1O2N1O2N1O100O101N2N101N2O0O1O2N101N1O1O1O2N101N101N2O1O0O2O0N2O2N2N1O2N1O2N1O2N2M3N3M2N2M4M1O2M3N2M4L3N3L4L5I6FV`k_;"}, {"size": [4000, 4000], "counts": "j^eV51il3a0_O:I5L4M4K4L5L3L4L4M3M2O2N1O2M2O2N1O1O1O1O1N3N1N3N3M3L5L2N3L4M3M2N3L3N5K6J6I6K6J3L4M2N2N2N2M4M2N2N2N2N1N5L4K6K5J6K5J5L3M2M3N2N1O3M2N2N2N2N2N2N4L5K4L5K4L5K7I4L4L3M4L3M3M2N2N3M3N2M3M2N2N2N2O2M4L3N1N2N2O1O0O2O0000000O100000O10O02N1O101N1O101N1O1O2N2O1N1O2N2N2O0O2N1N3N2M3N1O2M3N2M2O2N2N3N1N2N2N2O1N2N2O1M4M2N3L3N2N2M3N2N1O4L4M2N2N3L3N1O2N1N3N1N3M3M3M2O2M2N2N2N2N3N1N3N2M3N1N2O1N101N101N2O2M3N1N2O1N3N1N2N3N2M3M4M3L3M3N1N3N1N4M3L5L4K4M2N2N1N3M3M3N3L4L4L2N2N2N2N2N3M4L3M5J5L5K3L6K4K6I;D>BdPnS9"}, {"size": [4000, 4000],