{"labels": [4, 6], "scores": [0.9802857637405396, 0.297746866941452], "bboxes": [[176.19264221191406, 28.54884147644043, 306.3762512207031, 119.36325073242188], [2584.228515625, 1857.3414306640625, 2892.5029296875, 2408.781494140625]], "masks": [{"size": [4000, 4000], "counts": "hdff08fl36I4M4M3M1O2N1O2N1O101N1O2O1N101N100O101N100O1O101N100O1O100O1O100O1O10O01O100O1O010O10O10O01O000100O001O010O0001O01O1O001O1O00001O01O010O10O10O10O0100O100O100O100O2N2O0O2O0O2N101N2O2M2O1N2N2N101N2N3N1N2N2M4M2N3M4JV`\\T>"}, {"size": [4000, 4000], "counts": "WhQn9;al3`0A6J6J5L4K5QN^NTXLk1_g3hNPXLc1gg3kNfWLc1Th3i1H7I7N3M3M3M3M3L1O1O1O101N1O10000O10100000001O00000010O0001O3M4L5K4L2N2N3N1N1O2N2N001N2O1O001O1N3N2N2N1O3M4L3M3M1O2N1O2N1O2N1O2O1O001O3L9H7I4K5L3L5M5J6K5K1O0O2O1O001O1O0O101O1O1O1O1O10O0000O11O0O2O1O2M3N1N2O0O2O0O101O00001O001O1O000O100O10000O10001O01O00O10O10O1O10000O2O000O1O001O1O001O2N1O2O0O1O1O001O1O010O2O0O100O0010O01O1O1O1O2O0O2N1O1O1O1O1O1O1O1O2M2O1O1O2N1O1O1N2O1N2O2N1N3N2M3N2N1N2O1O1O2N2N2N1O2N1N2O1O1O1O2M3N2N2M3N2N3M1N3N1O1N2N2O2M3M4L4M2M3M3M3N1N3M2N3M2N3M3M3N2M3M2N3M2N3M4L3M4L3M3M3M3M2N2N3M2M4M4L3M3M2N2N2N2M3N2M3N4K8G8H7I8G8H7IlZiW4"}]}