{"labels": [4, 4, 1], "scores": [0.9973830580711365, 0.8898070454597473, 0.19465842843055725], "bboxes": [[3359.8154296875, 639.38720703125, 3606.025634765625, 955.6961059570312], [3737.82568359375, 615.4925537109375, 3893.96630859375, 755.9815673828125], [2255.209716796875, 1774.8104248046875, 2341.8359375, 1960.7418212890625]], "masks": [{"size": [4000, 4000], "counts": "ghYj<j0Pl3<G7J4L2O1N2O1N2O2N1O1O001N100O2O0O101O000O100O1O10000O2O0000000O2O000O10O1001N1O1QLUNh\\Lm1Sc3]Ng\\Ld1Xc3bNb\\L_1^c3fN\\\\L[1cc3kNW\\LV1ic3oNQ\\LR1oc3ROl[Ln0Ud3VOf[Lk0Zd3YOa[Lh0^d3]O][Ld0cd3AT[Lc0kd3DjZLb0Ue3C`ZLc0`e3CTZLc0le3CgYLd0Zf3P31O001O001O1O001O2N1O100O1O1O1O1O2O0O1O100O1O2O0O1O2O1O1O1O1O1O2N1O1O101O00000O10101M4M3M2O1N3M4L3M2N2N01O01O01O01O01O00010O01O001O10O01O00O2N1O1O2N1O1O100M3I8L3L4L4L4L4L4M3N2M3N2M4M2NZKTZL[2ie3fM^ZLU2`e3kMfZLQ2Xe3PNmZLk1Qe3VNS[Lh1kd3YNX[Le1fd3\\N\\[Lc1ad3_Na[L_1^d3bNd[L]1Zd3dNi[LZ1Ud3gNn[LW1Pd3jNS\\LT1kc3mNW\\LQ1hc3PO[\\Ln0cc3RO`\\Lm0]c3UOe\\Li0Zc3XOg\\Lh0Wc3XOl\\Lf0Sc3[Oo\\Ld0ob3\\OT]Lb0kb3_OW]L?hb3A[]L>cb3C_]L;`b3Fb]L8]b3Hf]L6Yb3Ki]L3Ub3No]LOPb32R^LMla33W^LKia34[^LIda38]^LGba39a^LE^a3;d^LC[a3>g^LAXa3?k^L_OTa3a0n^L^OPa3c0S_L[Ol`3e0W_LXOi`3h0Z_LVOe`3j0]_LUOb`3l0`_LRO_`3n0d_LPO[`3P1h_LmNY`3R1j_LlNU`3U1m_LiNR`3W1Q`LfNo_3[1S`LcNl_3]1V`LbNi_3^1Z`L_Nf_3a1\\`L]Nd_3d1^`LYNb_3g1a`LUN`_3k1c`LQN^_3o1f`LlM[_3T2h`LhMY_3X2o`L_MR_3a2f501O0O10001O0010O01N2O1O001O1O001O1O1O1N3M2N2O1N2O1O2N1N3N2M3N2M3M4L4L4L6HYWZ`1"}, {"size": [4000, 4000], "counts": "e_k[>4hl3:F7G8K4L5FlNbTLW1\\k38N2O2M2O1N2N2O1N3N1N2O001N2O1O1O1O1O1O1O001O1O1O010O1O1O100O2O0bVL]M]h3e2^WLaM`h3_2]WLeMbh3[2]WLeMdh3Z2[WLgMeh3Z2ZWLfMgh3Z2WWLfMkh3Y2UWLgMmh3X2QWLiMQi3X2lVLhMVi3Y2gVLgMZi3Z2cVLhM]i3X2bVLhM_i3l21O1N4L3N1O0O2O10O01O1O1O2N1O1O1O001O01O01O010O1O001O1O1O001O1O010O001O001N101O1O0O2O1N2O0O2N2O1N2IQUL[NPk3c1SUL[Nnj3d1SUL[Nnj3e1QUL[NQk3c1nTL^NUk3_1jTLbNYk3a18G4Gc0A=C[kk>"}, {"size": [4000, 4000], "counts": "T[id8:Xl3j0_O6I8D;nNR1B=mNkLeWLk3Vh3c0J6N2M2N3M2O1O2N1O1O1O00100O1O10O00001O01O10O100O1000O010001O0O100O011O001O1M2M3L6M2N2N2M3I8H7K5TOQWLXM]i3n0]2YO\\ZY\\6"}]}