{"labels": [0, 0, 5, 0, 6, 3, 0], 
"scores": [0.98406583070755, 0.9793432950973511, 0.9792715907096863, 0.8994328379631042, 0.8375150561332703, 0.8271644711494446, 0.7033754587173462], 
"bboxes": [[381.4534606933594, 2140.248046875, 1641.416259765625, 3502.26904296875], [1117.8817138671875, 3517.10791015625, 1357.5506591796875, 3943.657470703125], [1716.76708984375, 3036.6015625, 2027.068359375, 3272.859375], [971.2183837890625, 2122.000732421875, 1694.330322265625, 3420.06396484375], [1849.34228515625, 606.7632446289062, 2139.516845703125, 916.1986694335938], [373.0914306640625, 3326.630126953125, 525.53125, 3823.7646484375], [330.0755310058594, 2865.793701171875, 1231.9942626953125, 3476.471923828125]], 
"masks": [{"size": [4000, 4000], "counts": "Sonn12ml32N1O2N2N1O2N2N1O2O0O2N2O0O2N101N1O2O0O2O1N1O2O01O000O10001O0000001O000O101O00001O0O101O00001N10001O000O2O001N10001N101O0O2O0O2O0O2O1N1O11N2N3M2N2N2N3M2N2O1N2N3M2O1N2N2N2O1N2O1N2N2O1N2O1N2O1N2O0O2O1N2O1N2O0O2O1O1N2O0O2O1O0O2O1O000001N1000001N1000001N10001N101N101O0O1OfVLTNcg3k1WXL\\Nig3b1SXLcNmg3]1PXLfNQh3X1mWLlNRh3S1mWLoNTh3o0kWLSOVh3k0jWLWOVh3g0jWLZOWh3d0iWL]OWh3b0iWL@Wh3=jWLDXh39hWLHYh35iWLLWh31jWL0Wh3MkWL3Wh3HkWL:Vh3AmWL?Th3\\OoWLe0Sh3UOQXLl0Qh3kNUXLU1ki30O101O0O1O2M2O1O2UNgNkWL[1Sh3POcWLQ1[h3ZO[WLh0bh3BUWL?ih3KnVL7oh3n1N2N3M2O1N3N1O1N3N1O1N3N1O1O2N1O1O1O2N1O101N1O1O2N100O1O2O0O1O101N1O1O2M2M3N2M4M2N2N3M2M3N2N3M2N2N3M2O1N2N3M2N2O2M2N2O2M2O1O2M2O1O1O2N1O1O2N1O1O2N1O1O2N101N1O100O2O0000000O101O00000O10001O000O10001O000O1000001O0O1000001O0O100000001O0O1000001O0O1000000000001O000O1000000000000000000000000000000O1000000000000000000000000000000000000O100000000O100O100O100O1O100O100O1O100O1O010O1O1O100O1O1O100O10000O10000O10000O10000O10O10O10000O10000O1000O0100O1000O0100O10000O01000O100O01000O10000O010O10000O10O10O100O1000O010000O100O10O0100O10O01O10O0100O1O010O1O1O010O1O1O010O1O1O001O1O1O001O1O1O00100O1O001O100O1O00100O1O010O1O1O001O1O1O001O1O001O1O1O001N2O1O001N2O001N2O1O0O2O1N101N2N101N2N2O0O2O1N101N2O001N2O001O000O2O000O100O100O1O100O1O00001O0O2O00001O001O001O001O1O010O00100O00100O10O0100O10O0100O100O010O100O1O001O1O1O1O1N2O1N1O2N2N2N2N2M3N2N2O1O1O1O1O2N1O1O100O100O1000001N10000000001O00O10000O1O001O001O00O1O1O1O1O001O1O0O2O1N1O2N1O101O010O0100O0100001O0001O01O010O10O0100O10O0100O010O001O0000O0100O0100O00001O00001O0O1O1000000100O0100001O01O01O010O010O100O010000000O10000O010O1O010O00O010O0010O000001O0O10000O100O0010001O1O100O100O2O001O001O10O01O100O100O100O1O010O1O001O000O2O000O1O010O001N2O0O2O1N110O100O100001O0000001O010O1O10O010000O10000000000O1000O10O10O00001O00000O10000O0100O001O001O001O010O010O01O1O1O1O101O0O101O001O001O1O010O1O001O0O101O0O100O1O10O01O001O0O10O010O00000O10010O010O101O00010O100O02O010O001N2O1O010O1O1O1O10O01O1O001O00001O000O10O1000O01O01OO2O010O1O01000O1000O101O0000001O0010O01O1000O1000001N100O10001N100O1O2O0O1O1O1O2O0O1O1N3N1O1O1N2O2M2O1N2O2N100O1O2O0O10001N1000001O00001O001O1O1O1O001O1N2O1O0O2O1N2O1N2N1O2N2M3N2N1N3N2N2N2N1O2O1N2N2N101N2O1N2O0O2O1N2O1O001N2O1O1O0O2O1N2O0O2O1N2N2O1N1O2N2N2N2N2N1O2N2M3N2M3N1N3N2M3M3M3M3M2O2M3N2N2M3N2N101N2N2N2O1N2O1N2O1O2M2O1N3M2O1N3M2N3N1N2N3M2N2N3N2M3M2N3M3M3M2M4M3M3M2N3L4M3M2M4M3M3M3M3M2N3M3N2M3M3N1N4M3L4L5K4L5J6K5J6K5I9F;D=B=D=B?@`0ZOkU`P9"}, {"size": [4000, 4000], "counts": "_iUZ42`l3?J6I7J6J6K4L5L3N3L3M3M3M3M4L3M3M3M3N2M3N2N3L3N2N2M3M2N3L3M4N2M2O2N1O2N1N2O001O1O100N2O1N2N101N2O001O01O1N2O1N2O1N2O1O00000O001O1N20001OO10O1O1O2O0O2N2N101O0O2N1O2N2O1O1O001N001N3N1N3N10100O001OO10O1O2O01O00000O10O01000001O0O2N1O1O0010001O01O000O1001O001O1O1N1O2N10O100000001O0O1000000001O1O0O1O1O00001O1O11O00001O0001O01O101N1N2O2N1O2M2O2N101N1O2O0O2N1N2O2N2N1O2N2N2M2O2M3O1N2O1N2N2N2L4M3L4N2M3N2M4M2N2N3N1N4M5D[ojT:"}, {"size": [4000, 4000], "counts": "igYb66hl34K5L3M3L3N2O1O2N1O1O1O1O1O1O1N2O1O001O1O1O1O100O001O1O10O01O1O1O1O0010O0001O1O0010O01O001O001O001O001O001O010O0010O0000000000010O01O001O00100O001O001O010O0010O01O001N2O001O001O001O001O001O010O00100O0N3M3M2O2N2@bM\\VL`2Ui3bMfVL60X2Yi3n0N2O0O2O1N101N100O2O00001O1O001O0010O01O001O0010O0001O000010O01O010O010O1O01O010O001O01O010O010O10O10O010O010O0100O010O010O010O0010O0100O0010O10O10O100O010O1O100O010O010O010O010O010O10O0100O100O010O100O0100O001O1O001N101O1O00100O0100000O10O10O1000000O001N2O1N2N2N2M3N2M3N102N1O1O1O1O1N2O1O1O1O1O1O1N2N2N2N2M3L4M3O1N2N2O1N2L4L4O1O1O1O1O1O1O1O2M2N2N2N2O1N2O1N3N1N2O1N3M3N2M4K4L5ImYga7"}, {"size": [4000, 4000], "counts": "oiSg3f0\\k3T2\\NR1UOh0XO=C9I7H8I7K4M2M3N2N2N2N2N3L3N2N2M3N2N2M4M2N2M3N2M3N2N2N3N1N2O1N2N2M3N2M3N2M3M3M3L4L4M3K5L4L4L4M3L4M3L4M3M3M3M3M3M3N2N1O2O0O2N1O2N1O2N100N3N1O1O2N1O1O2M2O1N2O1N2O001O0010O0001O000O2O00001N101N1O1O2O0O2N2O001O001O00100O0100O000010O00001O0O2O0O1O2N101N2N101O001O1O010O10O010O1O001O0000000O100000O1O2N100O10001O001O000010O010O01O0000O10O1O001O1N2O1O001O1O1O100O100O100O10001O0000000O100000000O100O010O100O1O1O1O00100O10O0101O01O01O001O000O101N1O1O1O1O1N1O2N2O001O00010O100O10001O001O1O0O2N101N1O1O2O0O1O100O001O10O0001O100O101O001O1O001O1N101O0O2O0O2N1O1O1O1O001O0010O10O100001O01O010O10O10O10O010O010O0000001O000O101N1O2O001O10O0100O0100O10O010O01O01O01O00O10O10O1O1O100O1000000010O010000O10000O100O1O1O1O1O1O2M2N2N2N2O1N2O1O1O100O100O10M3L4L3M4L3M4L3M3L4N2N2O0O10000O2O1O1O1O1O1O2O0O2O00100001N1O101N1O1O2M2O1N2N3M2N2O1O1O1O2N1O100O10000O10N2O1N2N101N100O2N00100O00010O100O10000O2O001O1N10100000O2O0O2N100N2O1O1N2N2N2O1N2O1O2N100O2O0O101O001OO1N1O2N2N2N1O2N101N1000O101N2O1N2O001O100O1O100O1000001N100O1O2N1O1O2N1N2N3L3N2N3M2O1N3N1O2M201N1O1O2O0O2O0O101N1O1N2O1N3M2O1N2N2O1N2O1N2O2N1O1N3N1O1O2N1O2N1O2N1O2N2N1O2O1N1O2N2N1N3N2N1O2N2N2N1O2M3N1O2N2N2N1O2N2N2N2N2N2N2M2O2M3M3M3M3M3L4L3N3M3M3N2M3N2N2O1N1O2O1N2N2O1N2N2M3N2M3M3L4L4L4M3M3L4M3N1N3M3N2M3N2N2M3N2N2N2N3M2M3N2M3N2M3M3M3M4L3M3M3L4M3L4M4L3N2M3N2N2N2O2M2N3M3M2N3L4L3M4L4K5I7I6K6J6J6J6K6J5KS`mn8"}, {"size": [4000, 4000], "counts": "\\^RS72dl3i0WO`0F7J6K5K4J5J7J5N2M4L3N2M3M3N2L4L4L4L4N2M3M3N2N2M2N2M4M2M3N2N3M2O1N2O2N1O1N3O0O1O2N1O1O2O0O1O1O1O2N1O1O1O101N1O100O2N100O100O2O0O100O101N100O100O100O10001N100O10000O100O10000O1O100O001O1O1O10O01O1O100O1O010O100O1O10O01O00100O001O010O1O001O001O001O00001O000000O100O100O10000O10000000O01000O0100000000O01000O10O10O1000000O101O00001O001N101O001N101N101N2N101N2O0O2O1O1O0O2O1N2O1O0O2O1N2N2M3N1N3M3M3N2M3O1N2O1O100O1O1O100O1O100O1O1O1O1N2N2N2O1N2N200O100O100O2O0O10000O2O0O100O101N1O100O101N1O2N1N3N1O2N1O2N1O2N1O2O0O2O1N101N101O1N2N101N2N2N2O1N2N2L6J9C`0@Uf\\S7"}, {"size": [4000, 4000], "counts": "cVh]1m1gj3e0E7K>A:F6K5J5L5K7H9H5K4L3M5K<D7I5K4L3M3M4L:F7I3M3N4K4L5K4L3M5K5K3M2N4L5L<C7I3M4L3M3M4L5K6J6K2N3L4M3L3N3L4M4K6K3N1N4M3L4M2M2M4M3M\\FP_LY7m`3^Hc_L^7[`3ZHS`Lb7l_3YH``Lb7^_3YHn`Le7n^3VHmaLW7P^3cHYbL\\7d]3`HdbL^7Z]3^HobL^7o\\3`HWcL]7i\\3_H^cL_7a\\3XHjcLf7V\\3QHTdLn7a`3013OO1O0O00NO2N1O1O1O3N4M2L3M4L3M0O1O2N1N2O3N3L4M3M3L2N3M2N2N2N2N3M3N3L3M4L4L5K5K6J5K5K5J6K6J5K5K5K4L;D;F3M3L6K5J9H:E7J3L4L5I<@neUY="}, {"size": [4000, 4000],