{"labels": [4, 4, 6], "scores": [0.9995200634002686, 0.7065967917442322, 0.18471845984458923], "bboxes": [[1254.9334716796875, 2882.884765625, 1431.828125, 2982.478271484375], [1103.8634033203125, 2011.0654296875, 1206.3902587890625, 2108.412109375], [987.9871215820312, 1479.35302734375, 1326.3880615234375, 1810.032470703125]], "masks": [{"size": [3300, 3700], "counts": "boeo3?cV34M4L2N2M2O2N101N1O101N1N2O1O100O1O100O1O101N001O010O010O1O100O100O1O10O01O010O1O010O010O10O010O010O00010O010O010O01000O010O10O010O010O10O010O01000O10O10O100000O01000O0100000O0100000O01000000O01000000O10O1000O10000000000000O010000000000000000O1000000000000000000000000001O001O001O0O2O1O2N1N2O1O1N4L2O1N3L5K6K6H]TWU7"}, {"size": [3300, 3700], "counts": "jmg_3321oV3O1O33F<E9G7K4M2N2N1O1N2O1N2O1O1N2O001N1O100O101O0O1O010N200O1O1O001O001O1O00001O00001N11O01O0001O01O0001O0010O01O001O1N101O1N2O1O1O1N2O1N2N3N1O1N3N1O2M3M2N3M5L2M4L4K5LioYl7"}, {"size": [3300, 3700], "counts": "XceV31nV36I7M3L4L4L3N3M2N3M3N1N3M2O2M2M4M2M4L4M2N3N1N3N1N2N3N1N2N2N3M2N2N2N2N3M2N2N2N3M2N2M3N3L3N2N2N3N1N2N2O1N2N2N2M3N2O1N2N3N0O2N2N2N2M2O2N2N2N2O0O2O1N101N2O0O2O0O2O1O0O2O001O0O10001N100O101O000001O01O000010O00O101O000O2O00001O001N1O101O0O101O00010O00001O00001N1010O0001O1O001M2N3M3M201N2O001O1O01O010O01O01O010O010O010O101N100O1O100O100O100O2O0O10001N100O101O0O100O2O1O001O1O1O001O1O001O1O000O2O000O2O001O0O101O001N100O2O0O101N1O1O1O2O0O1O2O000O2O000O2O001O0O101O0O101N10001N100O2O0O101N10001N101O0O2O001N101N101N2N2N2N2N3M2N2N3L3M4M2M4L3N2M4L4L4L6H;C<WNRkL410WU3\\OXkL8K4^V3H`eQb7"}]}