{"labels": [4, 4, 4], "scores": [0.9996894598007202, 0.9962365031242371, 0.9788994193077087], "bboxes": [[2894.165771484375, 2679.4619140625, 3051.982421875, 2912.5126953125], [1999.230712890625, 1741.63330078125, 2271.701416015625, 2003.2530517578125], [2360.34375, 2133.476806640625, 2428.551513671875, 2272.322509765625]], "masks": [{"size": [3300, 3700], "counts": "X]aT99eV3:I5K5L2M4M2M4M2N2N3M2N2N2N2N2N2N2N1O2N2N2O0N3N2N2N101N1N3O0O1O2N1N2N2O1N110O1O1O001O1O1O1O1N10100O001N1O2O001O100O0100OO2N1ROhLPnL[3mQ3lLkmLW3mQ3VMfmLR3[R3k00O1O1O1O2O0O100O100O101N2N1O2O1O001O1O0O2O0O2O1N2N2N2O1O1O1O1N2O0O2N2O2L3N2O1N2O1O2M2N2N2O2M2N3M2N3M3M3M3M3M3M3M3M3M3M3L4M3M3L5K5L4L4I:Ci`_R2"}, {"size": [3300, 3700], "counts": "mQ_Y6b0\\V3>E6J6L2O10000O100O1O100O100O1O100O10O0100O1O10000O100O10O10O10O0100O010O10000O1[nL^Ngm2b1oQMjNom2V1nQMoNom2R1mQMSORn2m0jQMXOTn2j0gQM[OXn2e0bQMA^n2?]QMGbn29YQMLgn24TQM1ln2OoPM7Po2HlPM<To2EgPM`0Yo2@cPMc0]o2]O_PMg0bo2ZOZPMi0eo2ZOUPMi0lo2YOnoLj0RP3XOhoLl0YP3VO_oLo0aP3WOonLS1QQ3a20O001O0O101O00001O0000001N1000000O10000O100O1O1O001O1N2O1O001O001N1O1O2M2O1N3N1O100O1O1N2N3M2N2O1O100O1O1O001N2O1O1O001O1O1O1O1O1N2O1O10000O1O001O1O1O1O1O1O1O1001O000000001O0001O010O010O0010O01O10O10000000jNamLgM_R3V2emLiM[R3S2jmLlMVR3R2mmLmMSR3P2QnLPNROFaR3W2anLRNiNNeR3m1cnLhNXQ3U1knLnNSQ3n0PoLSOPQ3i0RoLZOlP3b0XoL_OhP3=ZoLFeP36^oLKaP33aoLO^P3OboL4]P3JdoL7]P3EfoL<ZP3@hoLa0ZP3YOjoLg0\\P3nNhoLT1TS30O00100O001O0O2O1O1N2O1O1N2O1O0100O100O010O100O1O01O100O1O00100O0010O100O010O100O100O010O1000O010O1000O0100O0100O10O01O100O00100O1O1O1O1O1O1O1O1O1O1O1N2O1N3N1N2N2N2N2M6F:^OSan_4"}, {"size": [3300, 3700], "counts": "kV^^72mV3:I6K2gM^OlmLf0hQ3>ZmLGbR3m0ilLXOSS3_2M3N2O1N2O0O2O1O001O0O1010O00O2O00010O0O100001O00O2O01O0O11O0001N100O2O001N2N2N2O1N2N3`N`lLRN21O<gS3OjlLMg0FaVQQ4"}]}