{"labels": [4, 4, 0, 4], "scores": [0.9993900060653687, 0.9975988268852234, 0.9466518759727478, 0.8449512124061584], "bboxes": [[1401.1929931640625, 2790.288330078125, 1598.935546875, 2930.77490234375], [1889.1937255859375, 2106.111572265625, 1991.1397705078125, 2238.30078125], [1875.918701171875, 2386.323974609375, 2832.043212890625, 2690.22900390625], [2486.576416015625, 2015.7762451171875, 2550.178466796875, 2130.558837890625]], "masks": [{"size": [3300, 3700], "counts": "_mR_4:gV35M2M4M2N2N1O2N2N2N1O2N101O1O001O1O1O00100O10O10O100O01000O10O1000O010O10000O100O010O100O10O10O100O010O100O1O10O010000O010O100O010O10000O10O0100O10O0100O01000O100O010O01000O010O100O010O100O01000O01000O1000O10O10O0101O0O1000O01000O10O10O1000O1000O100O010O1O00100O1O1O00100O001O1O1O1O001O1O100O1N101O001O001N2O2M2N2O2M3M4K5B>JQaSe6"}, {"size": [3300, 3700], "counts": "_iin52kV3;J4L4L4M2N2N2N3M2N2N2N3M3N1N3N1O1O2M3N2N2N1O2N2N2M2O2N2N1O2N2N1O2N2O0O2N1O2O1N2N101000000O100001O001N0012O0NO2N2N101N2N2N2N1N2O2M3N2M3M3N1N3M3M2N3M2N3L3N2N3N1N2N1O2M2O2M2N3M2O1O2N3L4L4K5K^jW\\5"}, {"size": [3300, 3700], "counts": "bd^T62oV3g0ZO:G7H9H=\\kLXNSS3R2]lL[N[S3l2K4L5J3N2M3N2M3O1N2N2O0O2N2O1N3M2O2M2O2M2O1N2N2O1N101N101N2O001N100O2O001N101O000O2O00001O001N2O001O1O1O0O2O1O1O001O1N2O001O001O0O101O001O00001N10001O0O10001O0O10001O0O1000001O0O10001O000O10001O00000O10000000000O1000000000000000000O10000000000000000000000O1000000000000000O10000000O1000000000000O100000000000000O100000000000000O1000000000000000O10O10000000000000O1000O10000000O10000000000O10O1000000000O10000000000O10O100000000000O100000000000000O1000000000O1000O1000000000000O10000000000O10O100000O1000000000O0100000000000O10O100000000000O1000O1000000000O10000000O100000000000O100000O1000000000000000O100000O1000000000000000O100000000000000000000O100000000000000000000O10O100000000000000000O100000000000000O10000000O10O10000000000O100000000O0100000000000O1000000000O010000000000O1000000000O10O1000000000000O10000000000O010000000000000O1000000000000O01000000000O10000000000O100000O1000O10000000000O100000O10O100000000O1000O1000O10000000000O010000000O1000000000O010000000000O10O100000O1000O1000O100000000O010000000O100000O1000O1000000000O10O1000O100000O010000O100000O010000O100O01000O100O10O10O100O10000O010000000O10O1000O100000O01000000O0100000O100000O010000O100000O0100000000O1000O1000O100000000O10O100000O10000000O0100000000O1000O100000O10000000000O01000000000O100000O1000O1000000O1000O010000O10000O010O100O100O100O010O100O1O100O100O01000O10000O100O10O10O10000O1000000O10O10O1000000O1000000O10000O100O100O100O1O010O100O100O100O1O100O100O1O100O100O00100O100O100O100O100O010O1O1O100O1O1O00100O1O1O1O100N101N2^NUnLnL07lQ3j2WnLlLO8kQ3l2XnLiLO9jQ3m2YnLgL0:hQ3o2YnLdL2:gQ3Q3ZnLbL1;fQ3S3ZnL_L3;eQ3U3lnLhLVQ3X3knLeLVQ3[3lnLcLUQ3]3lnL`LVQ3_3X10000O100O100O100O100O100O100O10O010000O100O10000O10000O100O100O100O100O100O010O100O10000O100O10000O1000000O10000O10000O10000O10000O100O100O100O100O10000O100O100O100O1O100O100O100O1O101N1O1N3N1N4M3K6K4K6J8Ag0WOjPkg2"}, {"size": [3300, 3700], "counts": "oXWk7=eV35L4M6I:G9ZkLdNRS3n1TlL[NjS3a2O1O1O1O1O1O001O001O001O001O0000001O01O000O1000001N010O2O0O1O2M3N2O2K:dMakLb1^SUe3"}]}