{"labels": [4, 4, 4, 6], "scores": [0.999821126461029, 0.9982326030731201, 0.9833477139472961, 0.5335434079170227], "bboxes": [[2640.604248046875, 2700.631591796875, 2847.382080078125, 2893.133056640625], [1611.22509765625, 1705.85791015625, 1991.95166015625, 1935.20703125], [2058.180908203125, 2098.019775390625, 2114.800048828125, 2233.927734375], [1711.0679931640625, 2741.150146484375, 2290.2880859375, 2919.3779296875]], "masks": [{"size": [3300, 3700], "counts": "ljnZ8=eV34L3L4N2M3N2M2O2N1O2N1O1N2O1O2N1O1O1O1O1O1O1O1O1O1O1N2O1O1O00100O1O0O200O001O1O001O1O001O00100O001O001O00010O001O001O010O010O001O10O01O010O001O001O001O010O1O1O1O001O00O010O0100O101O001N1000001O000O1O1O1O1\\OVMmlLl2RS3XMjlLi2US3ZMhlLg2XS3[MflLd2XS3aMelL`2YS3dMdlL\\2]S3e01O010O010O010O010O001O1O001O1O001O1O100O010O100O10O0100O1O100O1O1O1O1O100O1O1O1O100O100O001O1O2N1O1O1O2N1O1O1O2N2M3N1N3M3M2O2M3N2M4M3L4L3M4L4L4K8H:E_TTg2"}, {"size": [3300, 3700], "counts": "_j_R58fV3<I4L3M3M101O1O001O1O1O1O1O1O001O1N11O01O010O001O010O1O0010O01O010O010O010O010O010O1O010O10O00010O01000O010O10O010O10O010O010O010O010O1O010O010O0010O0imLQOZn2o0bQMYOYn2h0bQM_O\\n2`0_QMG`n29\\QMLbn24\\QM0cn20[QM2en2MYQM6gn2JWQM8hn2HVQM;jn2DUQM=kn2DSQM>mn2AQQMa0on2_OPQMb0Po2_OmPMc0To2\\OkPMe0Uo2\\OhPMf0Yo2ZOePMg0[o2ZObPMh0_o2WO_PMk0ao2VO\\PMl0eo2TOXPMn0io2QOUPMQ1ko2POSPMQ1no2nNQPMS1oo2mNooLT1SP3lNkoLU1UP3kNjoLV1WP3jNgoLW1YP3iNfoLW1\\P3iNaoLY1_P3gN`oLZ1aP3fN\\oL\\1dP3dN[oL\\1gP3dNVoL^1kP3bNSoL_1nP3aNPoL_1QQ3bNlnL`1UQ3`NinLa1WQ3`NfnLa1\\Q3_NbnLa1_Q3aN]nL`1eQ3eNmmLb1TR3f12M2N3M2N2N3N1O2M2O2N1O2N2N1N3M2O2M3M3N1N3O1N2N001O1O1O0O2M3N2N2N101O1O1O001O1O001O001O1O001N2N101O0O2O01O01O010O01O01O010O0010O1O00100O1O00100O00100O0010O02N1O1O2N1O2N1O2N1O2N100O2O0O2O1N3M2N`NPmLPOmR3n0WmLSOfR3l0]mLUO`R3j0bmLXO\\R3g0fmLYOXR3g0imLZOUR3g0kmLZOSR3f0omLZOPR3e0QnL[OnQ3f0RnLZOnQ3e0TnL[OjQ3e0WnL[OiQ3d0XnL]OfQ3c0\\nL]OcQ3b0^nL^OaQ3a0bnL_O]Q3`0dnLA[Q3>gnLBWQ3>jnLCUQ3<lnLDSQ3<onLDPQ3;QoLFnP39SoLHmP37ToLHlP37UoLJkP34VoLMjP32VoLOjP3OWoL2iP3LYoL4gP3I[oL7eP3H\\oL9dP3E]oL<cP3A`oL>`P3AaoL`0_P3^OboLb0^P3]OcoLd0]P3ZOeoLe0\\P3ZOdoLg0[P3WOhoLh0YP3UOioLl0ZP3nNioLQ1bP3aNaoL`1RS30O10O010O010O010O010O010O0100O010O010O010O00010O01O010O010O10O10O10O0010O01O010O0010O01O010O00100O010O010O010O01O010O010O010O010O010O010O0010O010O0001O010O00010O0010O01O010O010O001O010O1O001O001O1O001O001O001O1O0O2O001O1N101O0O2N101M3M4L4L4K;EVeQ\\5"}, {"size": [3300, 3700], "counts": "hmP`68QT39VnLNeQ3m0UlL@32dS3a2L3M2O1O2M2O1O2N2N1O001O001O0001O01OO10010O0000001O0O1000001N100O1O2N100O2M2YOflLYMMNaS3\\2Q1F:F:E;D=C>C_Reo4"}, {"size": [3300, 3700], "counts": "TTc\\56cV3b0D:J2M3M3N2M3N101N101O001O1O0O2O1O1O001O00001O001O000O2O01O00000000010O00000000001O00000001O01O0000000001O1O1O1O1O1O1O1O00010O001O00001O001O00001O100O1O2N1O1O1O1O1O1O100O1O2N2N1O2N1O1O2N2O3L3M2N3M2N2N1O4L3N1N1O1O1nlLULiR3l3SmLXLlR3P40001O00010O0000001O01O0001O0001O0001O0001O0001O0001O000001O0001O0001O00000001O0001O000001O000000001O0000010O0000001O0000001O0000001O0001O01O0000001O00000010O000001O0000001O000000001O000001O0001O00000000001O00000000001O00000000001O000000001O0001O0001O00000000000000001O0000000000000000001O000000000000001O000000000000000000001O000000000000000000000000000000000000000000000000000000000000000000000O10000000000000000000000000000000O1000000000000000000000000O10000000000000000O100000O10000000O1000000000000O10000000000000000000000000000000O010000000000000000O1000O100000000000O100000O1000000000000000000000000O2O000000000000000000000O2O0000000000000000000000001O000O100000000000000000001O00000O100000001O000000001nL_lL_2aS3`MclL]2^S3`MilL[2XS3cMllLZ2US3`MQmL_2kS3O1O1O1N2O1O1O1O1O1O1O001O1O001O001N101O001O001O1O0O2O001O001O00001O0O2O001O00001N101O001O001N101O0O2O1O1N2O1O1N2O1N2O1N101N2N2N5K4L4L8GXQna4"}]}