{"labels": [4, 6, 4], "scores": [0.9997677206993103, 0.9869319796562195, 0.8990108370780945], "bboxes": [[1036.0894775390625, 2750.531005859375, 1224.5977783203125, 2835.659423828125], [669.5452270507812, 2164.859130859375, 936.1953735351562, 2434.553466796875], [835.1867065429688, 1961.6014404296875, 969.5824584960938, 2063.529541015625]], "masks": [{"size": [3300, 3700], "counts": "]k`Y37iV39H5M6J2N2O1N2N1O2N100O2N100O1O1O100O100O100O010O1000O0100O010O1000O10O1000O010000O10O10O1000O010000O10O1000O10000O1000000O010000000O1000000O100000O0100000O100000000000O01000000000000O1000000000000O1000000000000000O100000O10000000000000000000000000O100000000000O1000000000000000000000000000001O00001O1O001N101N101O0O2O1O2M2M3N3L3M4L5IlbUj7"}, {"size": [3300, 3700], "counts": "R\\^T23oV3<C7I6J5J5L3N3N2M3N2M2N3M3L4M3M3L4L4K5M3M2N3M3N2M2O2N2N1O2N101N1O2O001O1O001O1O1O00100O010O0010O01O010O1O010O00100O010O10O010O10O0100O010O010O0100O010O10O01000O010O01O010O010O00010O1O010O10O0100O010O0100O0010O010O010O010O10000O10O1000O100O1O010O0010O01O010O1O010O10O0100O10O010000O010O10O0100O010O1O100O10O010000O010O1O010O100O1O010O1O10O01O100O1O100O00100O1O10O0100O10O0100O101N100O100O10000O100000O1000O100000O100000001O0O2O00001N2O1O1O1N3N2N2N1N2N2N2O1N2N4L3M4L3N2L5K8I6I7I8H:F7H7H:E<Bdh_g8"}, {"size": [3300, 3700], "counts": "Xodd22QW37I3N000O01001N2HBhiL?WV3AhiLa0WV3@hiLa0WV3_OiiLb0\\V31O010O1O2N1N3N1N22N01N2N2O2M1O3M3M4L3M3M3N2M1O2N1O1O3M1O000000001O000O10000O10O0100O010O01O10O0001O00001L30001O010N10001O00000010O0001O001O0O2O010O001O001O1O1O001O1O1O1O1O1O1O1N2N2O1O1O2N1O1O2M2O2M2O1O2N1O2M3N3M3K7Gdmhc8"}]}