{"labels": [4, 4, 4], "scores": [0.9983048439025879, 0.9014527201652527, 0.10499446094036102], "bboxes": [[2329.405517578125, 2861.563720703125, 2527.453125, 2972.36181640625], [2551.7236328125, 2030.1600341796875, 2686.474853515625, 2156.12353515625], [577.3533325195312, 2675.1484375, 820.1307373046875, 2769.87841796875]], "masks": [{"size": [3300, 3700], "counts": "WgT\\79hV35L3N2M3N2N1O2N2O0O2O1N101N101N101O001O010O001O010O001O010O000010O01O010O001O010O1O001O010O1O0010O01O0000100O001O001O10O01O010O0010O0001O010O001O010O00010O0010O01O001O010O001O00010O010O0010O0001O01O01O00010O01O010O01O010O000001O01O01O010O010O0010O00010O010O100O01O010O0010O010O10O0100O01O001O1O001O1O001O001O001O0O2O001O1N101N2O1N2N2N3M2N3M5J4K:DmYnf3"}, {"size": [3300, 3700], "counts": "U[_R87kV34K5L3N1O2N1M4M2O2O2M2N2O1N2M4M2N2N3M2O1O1N2O1O2N1N2O1O1O1O1O1O100O1O1O100O100O11O1O000000001O1O1O00O100000000O10O10000O10000O10O10O100O010O1O1O100O1O001O10O01O1O1O0O2O1O1O001N2O001N1O2O0O2N100O2O0O1O1O1N2O2N1O1O1O2N0O2N2M3M3L8HTkaV3"}, {"size": [3300, 3700], "counts": "efik12PW33N2M3N2N3M1N2O2N1O1O2N1O1O2O0O100O2O0O1O100O2O0O100O1000000O2O0000000000001O00000O10001O000O1000000000000O10000000000000000O100000000000O1000O10O100000000000000000000000O10O100000000000000000000000000000000001N1000000000000000000000000O101O000000001N100000000O1000000O2O00000000000O2O0000000O100000000O2O00000O1O1N2O10000O100000000O1000000O1M3O100O2O0O100O100000000O10000000000O10O1000O1000000000O101O0O1000000O100O10001N100O10000O2N100O2N1O2M4M2L7G?\\OlcnQ9"}]}