{"labels": [6], "scores": [0.7170665860176086], "bboxes": [[2405.24462890625, 1953.295166015625, 2599.3271484375, 2446.988037109375]], "masks": [{"size": [3300, 3700], "counts": "\\m^b7i2dS3Q1_O>Ei0XO<E<Da0_O=C9I5J7J6J4K4M3M2N3N1O2M3N1O1N3O00000001N10O010O10O0100O1000O100O10O010O010O10000O10O010O1O10O10O1000000O100O00100O1O2N101N100O010O101O1N100O010O10001N2O1O0O10001O2O0O0000001N2O2M3N1N101O2N100O1O1O002N2N2N2N2M3N0O2N2O2M2O2M2O0O2N3M2M4M2N1O2M3N3M3L3N2N2M3M2N2O1N3M2N3M2N3M3M4K4M3M2N2N2M3N2N2N2N3L3N3M3L3N3M3L3N4L3L3N3M3L3N2M3N2M3M3N2M3M3M4M3L5L3L3M3L5J5JWcc_3"}]}