{"labels": [6], "scores": [0.984300434589386], "bboxes": [[2398.26025390625, 1914.9345703125, 2634.544921875, 2379.57958984375]], "masks": [{"size": [3300, 3700], "counts": "Whna7T1gU3h0XOb0_O>D=E?B;E7J6K5L5J9G:G6J6I8I9G6J5L5J5L5K5J4M1N3O0O2N2O1N2N2N1O100O1O101N00100O0010O010000O10O100O0001O001O1O001O00010O01O1O1O1O0010O00010O01O1O1O1O00001O001O1O2N1O010O00100O1O1O1O1O1O1O001O101O0O1O100O1O1O1O2O0O2N010O10O01O1O2N2N1O1O1O001O2N1O1O100O010O10O11N101N1O10O01O100O1O2N001O1O001O1N2O2N1O2M2O1O1O101N1O2N1O100N2O2N2M3N2N3L3N1N2O1N3N2M2O3M2M2N2O1N2N3M3N1N3M2N2O1N3M2N3M3M3M2N2N2M3N2N2N1O2N1N3N1O2N2N2N2M3N2N1O2N2M3N3L4M3L3M3N2M3M3L7H9H7HVdo[3"}]}