{"labels": [0], "scores": [0.6775276064872742], "bboxes": [[859.6746826171875, 2268.871337890625, 1563.185791015625, 2619.224365234375]], "masks": [{"size": [3300, 3700], "counts": "PWan28<0kU3f0XM_OinLe0RQ3M]nL6`Q3OZnL6aQ30ZnL3cQ31jmLb0RR3CemLd0XR3V2N3L2N2N2O1N2O2N1O1O100O1O1O1O1O1O2N1O1O1O1O100O100O101N2O1O2N1N2O1O1O1N101O001N101O001N2O00001]oLPJoo2Q6PPMPJPP3Q6noLPJRP3P6loLRJTP3o5joLSJUP3m5joLTJVP3m5goLVJXP3k5doLXJ\\P3Y6O1O001O001O1O001O1O001O1O1O001O1O1O001O1O001O001O010O001O1O001O00100O001O001O001O0010O0001O001O00001O001O00010O001O00001O001O00001O0000001O01O0001O0000001O0000001O0000001O0000001O0000001O0001O01O00000001O01O000001O0001O0001O0001O0001O01O000001O01O0000010O000000010O000000001O01O000001O000001O01OO10000O2O000O10000O2O0O100O100O1O2N1O1O1O1O1O101N1O10001O0O10001O0O101O001N10001N1O2O0O1O2N100O2N1O1N2N3N100O10001N100O10000O2O0O10000O2O0O10000O2O0O10001O00001O000O2O00001O001O001O0O101O0000001O0000000O2N1O1O1N2O2N1O100O1O1O2O0O100O101N10000O10001N100000010O0000000010O000001O0001O01O00001O0001O01O0000010O0000001O01O000001O0001O0001O000000010O00000000001O01O000001O01O000001O01O0001O0001O01O00010O0001O01O0001O0001O01O000001O000001O01O000000001O0001O000001O000000001O000000001O0001O0001O0000001O000000001O00001O0000001O01O01O000000001O000000001O00000000001O0000000000001O00000000001N10000000001O0000000000001O000O100000001O000000000O2O00000000001O0O10001N100O101N100O2N100O2O0O1O2O0O1O2O0O1O2N100O2O0O2O0O2O0O2N2O1N2N2O2M2N3N1N2N3N1N3L3L5L4VNWkLR1nT3hNZkLR1jT3hN_kLn0gT3nNikL?QYUk6"}]}