{"labels": [6], "scores": [0.12341205030679703], "bboxes": [[2317.886962890625, 2147.42138671875, 2428.304443359375, 2377.59814453125]], "masks": [{"size": [3300, 3700], "counts": "UlVZ783b0_U3Y1XOj0XOk0TO9H9G8G7H7J6L5L4K5M3M3OO001O1O02N2N1O2N101N100O2N1O1000001O0O100O1O1O2O00000O10O01O100000O100O001O1O1O1O1O1N3K3O2M3K5K5N3L3M3H8K5M3L5L3K5J6G9@llLkLYS3P3a0G8K5L5J5K6K5K5L4M4L3K5I8I8_Ob0IZhWQ4"}]}