{"labels": [5, 6], "scores": [0.06337461620569229, 0.05415365472435951], "bboxes": [[3085.1787109375, 2381.6669921875, 3237.82373046875, 2519.7705078125], [2168.974365234375, 2466.132568359375, 2569.70361328125, 2679.91845703125]], "masks": [{"size": [3300, 3700], "counts": "Qgkg9190^V35\\iL0ZV3LhiL?WV3CfiL`0XV38M3N2N3M1O000O1000001O001O001O001O1O1O1O1O001O1O001O0O3N1N2N2K5000O10000OO2K4O2O0O2O001O1O100O1O000O2O0000011N1O1001O0O100O2O2M1000000kMVkLo1PU3O10O10O1O01000O10001OO0100O010O1O1O010O00100O010O1O1O001O1O001O1O100O1O001O10O01O001N2O1O1O001O100O001O1O2N1N2O1O1O1O2N1O2N1N4K5L6GZZk^1"}, {"size": [3300, 3700], "counts": "\\R^n6`0cV33M4L3M4L4L3M2N2N2N101N2O1O0O3N1O2N1N3N1O1O1N101O001N101O0O2O1O001N2O1O1O1N2O001O1O1O001O1O001N101O001O001O001O1O1O1O0O2O1O1O001O1O1O1O001O1O001O1O001O1O1O001O1O001O001O1O1O1O1O1O001O1O1O1O1O001O1O001O100O1O1O001O100O1O001O1O010O1O1O10O01O1O100O00100O1O100O1O10O01O100O1O100O100O1O100O100O2O0O1O100O100O1O100O1O100O100O100O010O10O0010O00010O01O01O01O010O0010O00010O01O00001O001O001O001O001O001O001O001O001O0O2O001O001O001O00001O0O2O00001O001N10001O001O0O2O001O1N2O1O1O1N2O1O1N101O1N101N101N2O1N101N2O1N2O1N2O1N101O1N101N2O001N101N2O0O2O1O0O2O1N2O1N2O0O2O1N101N101N101N101N101N1O2N2N1O2N1O3N1M3N2N3M2O1N2N2N3L3M3L6K4L5K9FQ]kf3"}]}