{"labels": [4, 4, 4], "scores": [0.9688889980316162, 0.9300711154937744, 0.8834238648414612], "bboxes": [[1182.08642578125, 1838.5406494140625, 1309.135009765625, 1984.1961669921875], [3233.22998046875, 1788.401123046875, 3335.848388671875, 1915.962158203125], [2635.114990234375, 2953.2041015625, 2825.74853515625, 3072.029052734375]], "masks": [{"size": [4000, 4000], "counts": "jan`4>_l3=E3PTLUOik3f0<I7EcTL9\\k36eN\\OgULS1Sj3nNXUL3M^1gj3aNXULm1dj3:5J100O01O0N1O1N3N100010O01O0O1O100O1O010O0010O01O000010O0000000O1010O001O000001O0O11O01O01O00010O0000001O00010O01O001O00010O00001O1O001O1O0O2O1O002N1O1O2M2O1N2O1N2O2N2N2M3N1N3N1N3M3N4L4K5K5K6J3M4KYePZ:"}, {"size": [4000, 4000], "counts": "[[]\\<4jl3<D:G=C7J6I4L6J5L5gULjM^i3o2L3N1O1O1N2O0O101O00001O0000001O00001O0001O01O0001O01O0001O00100O001O1O2N100O1O2N1O2N2N1O2N2N2N3L4L3M4K5M3L5K4F=F]lec2"}, {"size": [4000, 4000], "counts": "RZ_R:?]l37J5L4M3M1O2O0O2O000O2O001O00100O1O1O1O010O000010O01O010O1O100O10O010O0100O00100O1O1O10O01O1O1O10O01O1O1O100O001O0010O01O00001O00010O001O10O01O001O00001O01O0001O0010O01O001O0000010O00001O00100O0010O0001O01O01O0001O0010O0001O00010O001O010O001O001N101O001O001O1O0010O01N2O1O0O2O1N1O2O001O001N2O1N2M3N2M4M2N3M2N2N5G9J`^`b4"}]}