{"labels": [0], "scores": [0.1668611764907837], "bboxes": [[2616.67578125, 2394.25537109375, 3070.37109375, 2563.877197265625]], "masks": [{"size": [3300, 3700], "counts": "b[gW8P1RV39F6K5H7M3M2O1N100O1O100O1O1O1N2O1O1O2N100O1O100O010O100O100O100O100O010O100O1O1O1N2N2O100O1O1O00100O1M3N2N2O1O00100O1O0O2O10O0100O10O10O1000O10O1O1O1O100O1O1O10O01O100O1O100O100000000000O1000O10000000000000000000000O1000000000000000000000001O00000O1000001O000000000O100000001O01O0000000000000000000000001O0000001N10001O000000001O00000000001O0000000O100000000000000000000O10001O0O100000000O1000001N100000000O100000000O1000000O1000000000000O1000000000000O101O000000000O100000000000000O1000000000000O100000000O101O000O1000000O1000001N010000000O1000000O1000000O1000O10000000O10000000000000O010000000000O10O100000O1000O1000O100000O010000O1000O01000000O1000O01000000O01000000O0100000O0100000O10O1000O10000O001O100O100O100O10O010000O1000O0100000O01000O01000O10O10O10O100O10O010000O010O100O010O0100O1O1O1O00100O100O100O1O100O100O100O1O2N1O1O101N1O2N1O2N2N2N2N2N1O2O1N2N2N2N3M4K4M4K4M4K6J9G4L4D`iLNmkXP2"}]}