{"labels": [1, 5], "scores": [0.7794086933135986, 0.05103207752108574], "bboxes": [[1869.521484375, 1742.029052734375, 1947.6771240234375, 1936.001220703125], [537.4783935546875, 2125.821533203125, 829.5713500976562, 2477.894775390625]], "masks": [{"size": [3300, 3700], "counts": "oRil5m0lU3c0D8F7J6L4G9K5J5H9I7J5K5L4J6K5L4E;L4M3J6N2O1N2O1O1N2O1O1O1N200O001O100O1O010O010000O010O2N2N1O1N2N3L6J4M4K4J7I7L:FP1oN:[Oj0hNhWfa5"}, {"size": [3300, 3700], "counts": "cRef1=fV32N1O2N1O1O2M2O1N2N2O2N1O1O1O1O1O1N2N2O1N2O1O1O1N2O1M3N2N101N2O1O1O1O0O2O1O1O1O001O1O0O2O0O1O100O1O2O0O10010O00001O010O001O010O0O100O2O0O2N101N101O000O100O100O1000000O2O000O2O0O1O101N100O100O2N2O1N2N2N2N1O2O1N100O10O00O2O00010O10000O2N1O1N3N1O1O1O101N01000O001N101O1O00100O100O1O1O2O0O1O1O1O1O1O001O1N101O1O1O101N10000000O10O010O010O1O0O2N2M3O1O100O101N10000L4N2M3O01O10O010O0101O00001O0000010O00101N2N2N3M2N3M2M4L3N3M5K6J6J3N2M4L3M3M3N1N2N3N2M2N3N2M2N3M2N3N1N1O2M3N2N2N1N3N2O1N1O2N1O2O0O2N1N3N1N3M2O2M2N3M3M3M2N3L4M7G;_OZkeS9"}]}