{"labels": [6, 6, 2], "scores": [0.3918108642101288, 0.2248360514640808, 0.1188695877790451], "bboxes": [[2428.392333984375, 2003.1561279296875, 2634.46728515625, 2476.537353515625], [2663.58203125, 2419.91455078125, 2990.1630859375, 2737.3291015625], [306.8495788574219, 2918.859130859375, 452.34808349609375, 3116.28955078125]], "masks": [{"size": [3300, 3700], "counts": "W]\\e7i0dU3R1^Od0@?B;E>C>B8H7I=C;F7I8I8G8H7I6K4K5L5J6K4L3L3N1N3N2N2N2N2N1O2N100001O1O0001N10000O10001N1O10O011O001O1O000O010000000O100O10O01O100O2O1N1O10O01O100O100O1O100O100O1O100O1O100000000O100O1O1O100O1O1O001O1O100O10000O0100O0010000O0100O1O1O2N1O1O1O1O001O1O001O1O001O2O1N2N1O2N1O2M2O2M3N1N3M2O2M3M2N3M3M3N2M3M2N3M3M3M4L4L3M4K5L4K5L3L4M8G;E:F7I6I5L4L4L3K6I`0A=B>B]^Y]3"}, {"size": [3300, 3700], "counts": "Qne_81\\6f0di2[OYVMi0di2YOYVMj0fi2XOVVMk0hi2WOUVMl0ji2UOTVMm0ji2UOSVMo0ki2RORVMP1oi2nNoUMV1Qj2hNmUM\\1Rj2cNkUMb1Uj2[NkUMg1go22O1N3M2O1O1N3M2N2N2N2N2J6K5M3N3M2N2M3E;N2M3bLZL[SMh3el2ZLePMOl1j3^m2YLdPMOe1P4fm2SLbPM1b1P4lm2PL`PM2`1Q4om2oK_PM2_1Q4Rn2mK_PM2\\1T4Tn2lK^PM2[1S4Xn2lK[PM3W1V4^n2hKYPMb0c0m3To2jLbPM\\3^o2U20000O0100000000O10O1O001O010O0010O01O010O10O100O01000O10O0100O1O100O100O100O100O100O1O100O1O100O1O1O1O100O1O100O100O100O1O100O1O100O1O1O100O1O1O101N1O100O1O1O010O00100O001O10O010O01O10O01O10O01O1O010O1O1O010O10O010000O010O100O010O001O0010O01O001O010O1O010O1O1O10O01O1O1O1O001O10O01O1O001O001N101O001O1O1O1O1N101M3J6K5M2O2N1O2N1O2N1O2M3M2N3M2N3M3M4L3M3N3M2N3N1N3M2N4M4K4L4L4L4M2N2N2N2N3M2N2N1O1O1O0O101O0O101O0O01002N2N1O2NAbN[kL]1dT3fN\\kLW1dT3jN]kLT1cT3nN^kLo0bT3RO_kLl0`T3VOakLh0_T3ZO`kLe0dT3VO^kLg0bU3I7K5M3M3N2M4M3L]S^Y2"}, {"size": [3300, 3700], "counts": "lb`P11iV3?G=D5K4K5K5N2N3M2O2M2N3N1N2N2N2O1N2O1O1O100O1O01000O2N10000O101O0001O2N2N1O1O010O00100O100O0100O10O01000O0010O001O3M2N10O0010O010O2N2N3N2M2N1O10O010O01O2N2N1O001O00O2O001O1O1N101N1O2O1N1O2N2O0O101N101N1O2N2N2N1O2N1O1N3N4K4L2N3M3M2N5K6H8FX]PX:"}]}