{"labels": [6], "scores": [0.8799220323562622], "bboxes": [[2429.412353515625, 1924.9688720703125, 2682.906494140625, 2429.30078125]], "masks": [{"size": [3300, 3700], "counts": "VkUe7V1mU37I7H:G<D9G6J6J7J9H8G6K6I7I6K4K5K4M2N3M4L5K5K5L4K4L4L4L5K5K6J8H7I5L4K4L2O1O2N2N3M1O2N1O1O000001O000000000000O101O00O10O1000O10O02O0O100O1O1O001O00001O100O1O0010O0001O001O001O1O001O0O101O01O000001O01O01O001O1O001N1000001O00001O1O1O010O01O001O010O01O0000100O0100O01O01O01O00010O100O1000O010O01O001O2N100O1O0010O0100O1O1O1O1O1O1O1N2O1O2M3N1O2N1O001N2O1N2O2M2O1N2O1O2M2O2N2M3N1O2M2O1N2N3M3M4L3M3M2N3M2M3N3M2N3M3L6K4L5K3L3N2M2N3M2O1N2N2N2N4L3M4M3L4L3M3M3M3M4K7I9F]\\XX3"}]}