{"labels": [4, 4, 6, 4, 2, 0, 6, 0, 6, 6, 6, 3, 4, 3, 0, 0, 4], "scores": [0.9998028874397278, 0.9996211528778076, 0.9995800852775574, 0.9994150400161743, 0.9970410466194153, 0.9883986115455627, 0.9654880166053772, 0.9458364248275757, 0.9368391036987305, 0.9043927192687988, 0.8646084666252136, 0.8274277448654175, 0.7697699666023254, 0.7374610304832458, 0.5157960653305054, 0.40276089310646057, 0.39582258462905884], "bboxes": [[804.9699096679688, 3516.486572265625, 1151.671630859375, 3818.581298828125], [1811.634521484375, 1750.3480224609375, 2023.9544677734375, 2030.9520263671875], [1008.941650390625, 1861.30419921875, 1254.33642578125, 2144.315673828125], [3091.09033203125, 1465.528564453125, 3151.68359375, 1774.2413330078125], [817.939453125, 1906.7078857421875, 1969.2781982421875, 3619.091796875], [1885.2508544921875, 3599.29443359375, 2242.802978515625, 3771.4677734375], [637.5003662109375, 2695.505615234375, 875.6534423828125, 2892.304931640625], [641.7385864257812, 3221.990966796875, 1002.6096801757812, 3766.864501953125], [829.627197265625, 1835.4808349609375, 1257.1937255859375, 2561.1474609375], [3146.427001953125, 2290.3837890625, 3794.421875, 2794.17626953125], [2945.668212890625, 1922.617919921875, 3570.99853515625, 2363.501953125], [363.1432189941406, 3355.09521484375, 508.013671875, 3772.582275390625], [1640.54931640625, 1694.1468505859375, 1790.4866943359375, 1805.05908203125], [3765.67919921875, 1918.364501953125, 3950.548583984375, 2638.3837890625], [2470.971923828125, 1476.0419921875, 2566.072021484375, 1566.8427734375], [1911.8280029296875, 3741.03662109375, 1995.1373291015625, 3809.890380859375], [1645.1099853515625, 1719.5421142578125, 2007.3082275390625, 2022.329833984375]], "masks": [{"size": [4000, 4000], "counts": "ZRcS36el3;D<B;L4K3M3N2N2N3M2N2N2N2N2N2N1O2O1N101N101O1O001O1O0O2O1O1O1O001O10O0100O1O010O1O010O1O100O100O100O100000O1000O100001N101O0O2O00000O1000O01000O10000000O10000O10O10O10000000O10O10O100O100O10O10O2O00000000000000000O10O1000000O100000O01000O100O100O10000O101O00000000O100000000O10000000O01000O1000000O101O0001O001O001N100O2O0O100O100O10O01000001N110O1O001O10O0000000O10O01000O010O10O0100O01000O1000O2O001O00001O000000O10000O100O100O100O2N100O10000O2O000000000000O1000O01000000O010000O10O010O0100O010O100O100O100O0100O01000O010O0100O010O010O10O0100O10O1000O1000O10O100O1O010O10O0100O10O010O01O010O1O00100O001O10O01O001O1O001O1O010O1O001O1O1O2N1N2O1O2N1O2M2O1O2N1N3L4K<DfPmk:"}, {"size": [4000, 4000], "counts": "_gfn62ll38H5K4L4L4M3N2M2O1N2N3N1O1N3N2N3L4M3M3L4M3M1O1O1N2O1O1O1O1O1O1O2N2M4M2N2N2N1O1O2N1O1O2N1O2N2N2N2N3M2N3M2N2N3M2N2N2N2N2O1N2N2N4M3L4L3M3N2M7I3M2O1N2N6\\YLQKld3g5WZLdJce3`6L4M3L4M2M101OO100O100O1O100O101O2M2O1N2O2M2O1N2N1O2N2N3N1N3M2N2N2O1N2N2N3M2N3M2N3M2N101N2N3M2N3M2N2N3M2N1O1O2N2N2N2N1O2N2N2N2N2N2N3M2N1O2N1O1O1O2N1O2N2M3N3M3M2N2N2N1O2N1O1O2M3N3M2N2M3N2N2M4M2M3M3M4L3M3L4M4L3L4M3L4L4L4K6J5K5L]i_b7"}, {"size": [4000, 4000], "counts": "jeam34cl3?B=G6K5J6K5K4L4L4L4K5N1O1O1O1O1N2O1O1O1L4K5M3N2N2N2O1N2O1N2N2N2N1O2O1N2N2O0O2N2N2O1N2N2O1N2O001N2O1O0O2O1O1N1O2N2N2N2N2N2N1O2O1O1N2N3M2M3N2N2N2N2O1N2O1N2O1N101N2O1N2N2N2O1N2O1M3N2M3N1N3N2N1O2N2O001O001O00001O001O0010O001O001O01O01O001O01O01O001N101O0O2N1O2O1N1O2N101N2N2N2N1O2O1N2O1N1O2N2N1O2N2N2N1O2N2M2O2M2O2M3N1O2N2N1O2N2N2N1O2M3N2O0O2N2M3N2M3M3N2N1O2N2O1N2M3N2N2M3N2N2N2N2M3M2N3N2M3N2N3M2N2N2M4L3M3M4L3N3M2N3L3L5L4L4L4L5K6HYf_`:"}, {"size": [4000, 4000], "counts": "Pf[i;i0fk3j1dNZ1gNk0UOc0^Oa0^Ob0_Od0]O8G<Eb0]O;E6L2L4M3L3O1N2M2O001O00000010O000000000000000010OO100001O01N101O001O1N101O2N7H8H8EV1iNk0QL[ZL\\MQOR1XTZX3"}, {"size": [4000, 4000], "counts": "Z\\f^3a1\\k3f0ZO8I6I8I6J6I6K6J5L4K5K5L4K4L4M3L4L5L3L4L3M4K4M4K4M4K4K6I6K6I6J6J7I6I7J7H7I7I7L5L3M3M3N2M3M3N2M3N2N2N2N2M3N2N2O1N001O1O1O1O0O2O1O1N2O1N101N2N2O1N2M2O2N2M3M3N2M3N1O2M3O1N2N2O1N101N2O1O1O1O1O1O001O2N1N2O2N1O1N2O2M2O1N2N3M2N2N2M4M2M3M3N3L3N2N2N3M2N2O1N3N1O1N2O2N1O1O1O2N1O1O1O2N1O1O001O1O1O001O1N2O1N101N2N2N1N3N2M3L4L3M4L4M3M3M2N3N2M3N2M2O2N2N2N2N1O2O1N2N2O0O2O1N2O1N2N2O1N2N2N2N2O0O2N2N2N2N2N2N2N2N2N2N2N2N2N1O2M3N2N2M3N2N2N2N2N2O1N2O1N2O001O1O1N2O1O1N2O1O0O2N2O1N2N2N2N2N1O2M3N2M3N2M3M3L4M2O2N2N2N2N2O1N2O0O2O1O1O1O1O1O1O001O001O1O0O2O001O0O2O0O2O0O2N1O2N1N3N1N3M2N3M2O2M2O1O2N101N101N100O2O001O00001O000000000000O100O10O01O001O0000000000O1O2N1N2O2N1O2O0O2O001O001O1O010O100O010O10000000O00100O001O00001O00O1O1O1O100O1O001O100O1O1O100O1O100O1O1O010O10000001N101N101N2O1O1N101O1N2N101N1O2N1O1O2M2O1N2N20O100O100O2N1O1O2N2O001O1O10O0100O100000001O0000000000000000O10O0100O010O001O000O100N1N3N1O1O1O1O2O1N101O1O2N1O101N1O2O1O1O100O10000O100000000O010000O010O1O10O01O1N101N2O0O2O001O001O1O010O01O10O0100O1O100O1O100O2O0O100O1O100O1O1O1O001O0O2O0O100O1O1O1O0O00100O100010O1000000000010O010O10O0100000000O1000O0100O10O01O001O000O10000O0100N2O1O1O1O2N1O100O2O00001O001O00100O010O10O010000O010O0001O0000O100O010O1O001O1O001O001N100O2N1O1O1O110O01O10O110O00001000O010000O100000000O100O1O010O1O1O001N2O0O2N1O2N100O2O0000000001N101O0O2O1O00100O1O100O10000O100000000O10O10O010O0001O00000O1M3L4M3M2N3M2N3M3N2M3M3N3N101O10O01O100O1000000O100000001O00000O100O100O100O1O1O1O1N2O1N1O2N2N1O2N101N101O000001O0O2O0O2O1O001O1O100O11O00000000001N10000O2N1O100N3N1O1N2N3M2N2O2M2O1O1O2N1O1O2N100O2O0O101O001N10001O00001O000O101O0O1O101N1O1O1N2M4L3M3M4M2M3M4L3N2M4M2M4M2M4M2M3O2N1O2O0O2O0O2O0O2O1O001O2N1O1O1N2O1O1O1N3N1N2O1N2N2N2N3M2N2N2M3N2M3M4L3M3N2N2M3N2O2M2N2N2O1N2O1O2N1N2O1O1O1O2N1O1O1O1N3N1N2O1N2N3M2N2N2N2N3L3N2M3M4M2M3N2N2N3N1N2N2O1N3N1O1O1N3N1O1O1O2N1O2O1N1N3N2N2N2N2M2O2M3N2M3M2N3M3M3M3L3M4L4M3L3N3M3M3M2N3M3N2M2N3N2N1N3N2N2N1N3N2N1O2N1O2N2N1O2M3N1N3N2M2N3M3M2N3K5K4L5K5K5L3L5K5L4K5L4L3L5L4L4L4L4J6J6K5K5K5K5L4K7J7I;E:F;D=D;E<CQ\\bn7"}, {"size": [4000, 4000], "counts": "gfTY72ml31N2O1N3N1O1O1O1O1O2N100O1O100O1O1N2O1N2O1O1O1O1N2O1I7O1N2O1O1H8O1O1O1O1O1K5N2O1O1N2O1O1N2M3O1N2O1N2M3L4N2N2N2N2M3N2O1N2N2L4M3M3M3O100O1O1O100O1N2M3L4L4N2M3N2L4N200O100O1000000000O10O10000000000O1000O100000O01O1N2N2N2O1O00100O001O1O001O1O1O1O00100O10O0100O1O001000O010000O100O010O1O100O1O1O00100O1O1O1O1O10O01O100O1O100O10000O0100000O10000O01000O100O100O1O2N100O1O1O100O1O100O10000O10O0100O100O10000O100O10000O100O1O2O0O100O10000000O10O1000000O10000O1O100O1O1O100O1O1O1O100O10000O10000O10000O100O100O010O10000O10000O100O100O100O10000O10000O10000O100O100O1000O0100O10000O100O10000O100O2O0O1O100O100O100O1O100O2N1N3N1N2O2N1N3N1O2N1M4L4N2N3L4M3J7GSgfg6"}, {"size": [4000, 4000], "counts": "RYU`2>]l39G8J4L3N2N3M2N3G8O1N2O1O1N2M2M4O1N2O1N2N2N2O1N2O1N2O1N2O001O1O1O1N101O1O1O1O1O1O1O1O100O1O1O001O1O001O1O1O001O1O1O001O1O1O010O100O10O10O100O001O010O1O010O10O001O1O1O0O2O1O1O01O010O00100O00100O0100O01000O010O10O010O010O10O010O10000000000O10O1000O010O010O010O10O10O01000O010O10O01O001O1O001N110O001O001O0O2O1O0O101O0O2O0O1O2N1O2O001N101O0O2N1O2O1N2O001M3M3N2N1O2O1N2O0O2M3N1N3N2N2N2N2N2N2N2M3O1N2O1N2N2N2M3N2N2N2O1M3M5K4M4LbgWn;"}, {"size": [4000, 4000], "counts": "^Saa2?Vl3>J6I7I6K5K4N2M3M2N2M4M2M3N2M3N3N1N2O1O1O1O1O1N101N2N2N1O2N2N101N1O1O1O1N2O1N201N1O10001N10O10O01OO010O1000O10000000000O1O001O0000O3M3N1O2N2O1O1O1O001O0000O1N1010O02O00000000O001N100001O100001O001O00O010O1L3N3M2N3O100O20O010O00001N1O10001O1O01000O01N1O1O1M3N2M3N3O00100000O100O2O0O1N201N1O100O10000O01O0000000O2O0O2N101O10O100O2N1O001O1O1O1O0010O00010O00000O100O1O1O11N110O01000O100O010O00000000010O10O1O10OO2O0O2O000001O01000O10O100O1N101N1000010O1O100O1O1N3N1O1O1N2O1N2N2O1O1O100O1O1O1O1O1O1O101O00001O001N101O1N1O2N1N3M2O2N100O10000O1O001O10000O100010OO2O1N2N2L4K5K5L4L4K5M3N2N4L5K4L`mkb;"}, {"size": [4000, 4000],